first_name,last_name,gender,email,city,phone,job_title,university,linkedin_skill,ip_address
Priscella,Pollett,Agender,ppollett0@foxnews.com,Sesheke,222-398-8279,Internal Auditor,University of Zambia,Lifestyle,129.60.144.253
Ana,Onge,Male,aonge1@fda.gov,Querecotillo,650-786-5808,Compensation Analyst,Universidad Nacional de San Antonio Abad,Healthcare Industry,100.2.67.41
Butch,Rawls,Male,brawls2@slideshare.net,Licupis,325-412-0143,Health Coach II,Universidad Nacional de San Martín,Visual SVN,48.161.197.47
Ambros,Fairrie,Male,afairrie3@reuters.com,Yonghe,664-380-9221,General Manager,Fuzhou University,Nanofabrication,36.188.226.116
Gaylene,Titcomb,Female,gtitcomb4@dyndns.org,Wang Yang,477-429-2626,Internal Auditor,Mahachulalongkorn Buddhist University,AQL,181.24.84.57
Cleveland,Lindegard,Female,clindegard5@ezinearticles.com,Tarauacá,179-490-8666,Mechanical Systems Engineer,Universidade Vale do Rio Doce,Occupational Therapists,221.193.207.249
Fredric,Gascard,Female,fgascard6@bbb.org,Filabusi,669-932-9006,Geologist II,Bindura University of Science Education,Eagle PCB,114.190.66.122
Afton,Prandi,Male,aprandi7@feedburner.com,Pak Phanang,735-377-4981,Electrical Engineer,Lampang College of Commerce and Technology,Yeast two-hybrid,161.3.154.93
Yehudit,Fleisch,Male,yfleisch8@php.net,Palopat,599-268-1866,Nurse Practicioner,Universitas Islam Sultan Agung,Business Journalism,237.7.164.62
Loretta,Daybell,Male,ldaybell9@google.es,Hot,743-857-4116,Help Desk Operator,"University of Korca ""Fan Noli""",Geomatics,15.186.211.54
Alia,Gidman,Female,agidmana@webs.com,Fu’an,688-249-9972,Registered Nurse,Renmin University of China,Google Earth,105.244.221.183
Mari,Canada,Female,mcanadab@ocn.ne.jp,Rodatychi,564-243-4401,Information Systems Manager,Donetsk State Medical University,Land Use Planning,186.70.51.48
Ag,Kloska,Female,akloskac@mlb.com,Rundeng,230-197-7304,Junior Executive,Universitas Terbuka Indonesia,DGA,87.67.53.129
Georgena,Abdee,Male,gabdeed@irs.gov,Dalu,164-396-6848,Staff Accountant II,Chinese People's Public Security University,TCA,8.205.188.212
Mikael,Kingman,Female,mkingmane@skyrock.com,Vrýses,899-158-2219,Nurse Practicioner,Technological Education Institute of Athens,Management Due Diligence,114.40.164.249
Flore,Stonehewer,Non-binary,fstonehewerf@bloomberg.com,Wielki Kack,576-947-1085,Research Assistant II,Pedagogical University of Zielona Gora,OWA,189.28.183.192
Clemmie,Godard,Male,cgodardg@mediafire.com,Biograd na Moru,491-163-7298,Systems Administrator IV,University of Split,Transitional Justice,17.0.195.192
Jarib,Brogini,Female,jbroginih@narod.ru,Mata,660-563-0312,Civil Engineer,Escola Superior de Artes e Design,Loans,15.83.166.25
Rhys,Fourman,Male,rfourmani@godaddy.com,Pandan Niog,623-697-7911,Database Administrator II,University of Cebu,Epistemology,142.130.115.9
Beaufort,Helleckas,Polygender,bhelleckasj@google.fr,Tafí Viejo,869-571-4240,Senior Financial Analyst,Universidad Nacional del Littoral,DoD,122.121.229.240
Leola,Shillaber,Male,lshillaberk@webmd.com,Nanying,473-244-0953,Junior Executive,The University of Nottingham Ningbo China,BLS,112.210.199.247
Scotti,Juorio,Male,sjuoriol@tiny.cc,Ubud,684-956-1959,Recruiting Manager,Universitas Islam Malang,MVT,184.133.227.20
Constantin,Bigland,Female,cbiglandm@reference.com,Siak Sri Indrapura,416-865-3324,Food Chemist,Prasetiya Mulya Business School,IIS,67.212.4.137
Kris,Sweetman,Male,ksweetmann@goo.ne.jp,Badīn,458-421-6545,VP Quality Control,Lahore College for Women University,Slide Preparation,152.109.123.171
Kaleb,Marr,Female,kmarro@thetimes.co.uk,Youngstown,330-568-0610,Analyst Programmer,University of Nebraska - Lincoln,Smartboard,153.81.227.0
Conant,MacPeake,Female,cmacpeakep@google.es,Piran,495-200-8596,Programmer I,University of Maribor,NHS,244.177.121.43
Donalt,Kier,Agender,dkierq@pinterest.com,Qufu,369-627-7908,Programmer Analyst II,Southwest Jiaotong University,VLSI,65.235.45.79
Agna,Leppingwell,Non-binary,aleppingwellr@soundcloud.com,Ondores,210-773-3565,Desktop Support Technician,Universidad Nacional Daniel Alcides Carrion,NSI,90.221.90.137
Calida,Bonin,Male,cbonins@google.pl,Lanckorona,293-778-3024,Environmental Tech,Technical University of Rzeszow,OMNI,84.193.145.144
Katherina,Danzelman,Female,kdanzelmant@state.tx.us,Miaotang,741-660-4548,Legal Assistant,Dalian University of Technology,QADirector,244.195.245.15
Ynez,Pietrasik,Male,ypietrasiku@so-net.ne.jp,Drammen,916-581-0949,Quality Engineer,Norwegian College of Veterinary Medicine,SGML,33.79.15.12
Margret,Thridgould,Female,mthridgouldv@ucla.edu,Cordeirópolis,513-939-8601,Environmental Tech,Universidade Santa Cecília dos Bandeirantes,NCP,12.51.107.204
Bertie,Stooke,Female,bstookew@etsy.com,Dordrecht,941-413-6611,Food Chemist,University of Venda,vBlock,254.15.39.79
Molli,Sherwen,Male,msherwenx@nymag.com,Araçuaí,629-238-5782,Chief Design Engineer,Universidade do Rio de Janeiro,OEM negotiations,1.237.183.159
Chadwick,Manclark,Female,cmanclarky@sourceforge.net,Ujungpangkah,806-814-6023,Account Coordinator,Universitas Ibn Chaldun Jakarta,TyMetrix,250.126.13.199
Monique,Elks,Female,melksz@boston.com,Cincinnati,513-839-5762,Business Systems Development Analyst,Montreat College,SSCP,66.98.114.105
Alard,Sealeaf,Genderqueer,asealeaf10@nationalgeographic.com,Manzherok,400-307-9153,Food Chemist,Novgorod State University,XQuery,184.49.59.79
Gretchen,Jansson,Male,gjansson11@nydailynews.com,Donghai,559-720-9851,Nurse,Capital University of Medical Sciences,QNX,235.13.9.93
Arlette,Moody,Male,amoody12@wix.com,Meruge,259-609-8609,Community Outreach Specialist,Instituto Politécnico de Bragança,FCE,90.145.219.142
Mitzi,Bussons,Female,mbussons13@msn.com,Svetlyy,149-839-7009,Financial Advisor,Udmurt State University,Blue Ocean Strategy,242.230.208.121
Devin,Wethers,Genderfluid,dwethers14@youku.com,Parintins,430-307-2420,Analyst Programmer,Universidade Católica Dom Bosco,High Rise,230.18.222.23
Nicoline,Keneleyside,Female,nkeneleyside15@github.io,Nangang,986-695-0236,Database Administrator IV,The University of Nottingham Ningbo China,Problem Solving,5.158.6.118
Marielle,Matusevich,Female,mmatusevich16@printfriendly.com,Wonosari,320-295-6058,Operator,Universitas Negeri Jakarta,Programming,229.11.59.82
Pepi,Luna,Male,pluna17@independent.co.uk,Wates,331-907-3572,Research Associate,Institut Teknologi Sepuluh Nopember,Aerospace Medicine,252.35.159.19
Nathan,Whaley,Female,nwhaley18@tinypic.com,Sv. Anton,258-913-8034,Dental Hygienist,University of Maribor,Capacity Building,255.100.49.38
Mikol,Hanwell,Female,mhanwell19@bigcartel.com,Tô Hạp,945-312-7239,Software Test Engineer IV,Hanoi Open University,MV,43.101.139.248
Dominique,Kermode,Male,dkermode1a@delicious.com,Nijemci,956-391-4037,Food Chemist,Zagreb School of Economics and Management,eEye Retina,10.147.216.179
Beryle,Elsmere,Male,belsmere1b@sun.com,Łopuszna,277-913-0285,Safety Technician II,Pedagogical University of Slupsk,Estate Administration,181.192.231.8
Godfry,Bleas,Polygender,gbleas1c@wisc.edu,Kinshasa,983-673-3474,Web Developer IV,Université de Kisangani,Turbo C++,9.204.176.62
